cert,chain
"-----BEGIN CERTIFICATE-----
MIIIYjCCBkqgAwIBAgITMwC+IJJSXg3QSod7UQAAAL4gkjANBgkqhkiG9w0BAQwF
ADBZMQswCQYDVQQGEwJVUzEeMBwGA1UEChMVTWljcm9zb2Z0IENvcnBvcmF0aW9u
MSowKAYDVQQDEyFNaWNyb3NvZnQgQXp1cmUgVExTIElzc3VpbmcgQ0EgMDIwHhcN
MjMwNzI4MTgzNDQ0WhcNMjQwNjI3MjM1OTU5WjBmMQswCQYDVQQGEwJVUzELMAkG
A1UECBMCV0ExEDAOBgNVBAcTB1JlZG1vbmQxHjAcBgNVBAoTFU1pY3Jvc29mdCBD
b3Jwb3JhdGlvbjEYMBYGA1UEAwwPKi5taW5lY3JhZnQubmV0MIIBIjANBgkqhkiG
9w0BAQEFAAOCAQ8AMIIBCgKCAQEA3wUIGJ+WEDzcY+adGLJ/5U8vIO3/GrFKUL8K
TU5talEe8cU38Qz+RyM/CiCrfWhaCFS8cVAy8Nqea2EA7fSiywcyNZTb/1LoWCph
ass451oSJEDa4xGySF/Buf36UscReJ/df/RVP81cbAuo6ZWFFVUWhWapYonsPrtK
clucRI2zy7CgOO44Zei9VwVq+MSZJ/ZZYuSllPLNwIX6wTDUikp6G69YTLGIV+28
h7jeiY0KAnyGq/Dft/kgw9Xy5rDXBQsqBnyYIboqnvhvVgjkyOZoUSvxO4W2w8IY
h/P3sXj4nNYpWECGLRUTtyA+EClajE87QDMzZkqKddX8A+vWawIDAQABo4IEFDCC
BBAwggF+BgorBgEEAdZ5AgQCBIIBbgSCAWoBaAB2AO7N0GTV2xrOxVy3nbTNE6Iy
h0Z8vOzew1FIWUZxH7WbAAABiZ3RUlcAAAQDAEcwRQIhANhdhfVTahWTW2DTBaf6
iO79X9FOgXx/Ei8S07+wtpgyAiBWyqwTWfG5jqM460SMuyJxuaXHHCIOJ0Xuq/rk
dYOW0QB1AEiw42vapkc0D+VqAvqdMOscUgHLVt0sgdm7v6s52IRzAAABiZ3RUvoA
AAQDAEYwRAIgOELXgKg8yr43ub1YUYz38RDpW3xRHezz5drKFaBChnMCICQ/1Iz+
EhDB797mKCEi9dw+rJaOeVNfniJMx3qsjn/BAHcA2ra/az+1tiKfm8K7XGvocJFx
bLtRhIU0vaQ9MEjX+6sAAAGJndFThAAABAMASDBGAiEAo3V40DreXUt1IaiZIFRD
qbutSRAOwHxO6mUblZciJL8CIQCeaNg8v3eo0MmSEltzCT5Qbf3rDqw8Wz40DcVh
YS1x/DAnBgkrBgEEAYI3FQoEGjAYMAoGCCsGAQUFBwMCMAoGCCsGAQUFBwMBMDwG
CSsGAQQBgjcVBwQvMC0GJSsGAQQBgjcVCIe91xuB5+tGgoGdLo7QDIfw2h1dgoTl
aYLzpz4CAWQCASYwga4GCCsGAQUFBwEBBIGhMIGeMG0GCCsGAQUFBzAChmFodHRw
Oi8vd3d3Lm1pY3Jvc29mdC5jb20vcGtpb3BzL2NlcnRzL01pY3Jvc29mdCUyMEF6
dXJlJTIwVExTJTIwSXNzdWluZyUyMENBJTIwMDIlMjAtJTIweHNpZ24uY3J0MC0G
CCsGAQUFBzABhiFodHRwOi8vb25lb2NzcC5taWNyb3NvZnQuY29tL29jc3AwHQYD
VR0OBBYEFJ6ucJtIRchdKYHDg+7n48/lPtsLMA4GA1UdDwEB/wQEAwIFoDApBgNV
HREEIjAggg1taW5lY3JhZnQubmV0gg8qLm1pbmVjcmFmdC5uZXQwDAYDVR0TAQH/
BAIwADBkBgNVHR8EXTBbMFmgV6BVhlNodHRwOi8vd3d3Lm1pY3Jvc29mdC5jb20v
cGtpb3BzL2NybC9NaWNyb3NvZnQlMjBBenVyZSUyMFRMUyUyMElzc3VpbmclMjBD
QSUyMDAyLmNybDBmBgNVHSAEXzBdMFEGDCsGAQQBgjdMg30BATBBMD8GCCsGAQUF
BwIBFjNodHRwOi8vd3d3Lm1pY3Jvc29mdC5jb20vcGtpb3BzL0RvY3MvUmVwb3Np
dG9yeS5odG0wCAYGZ4EMAQICMB8GA1UdIwQYMBaAFACrkfwhYiaXmqh5G2FBkGCp
Ymf9MB0GA1UdJQQWMBQGCCsGAQUFBwMCBggrBgEFBQcDATANBgkqhkiG9w0BAQwF
AAOCAgEAVH1Yyys6RTzc4pYMZKgNw689ksrB0B1C0GDTcxStpkywvoeDfUHFQmCJ
FYnJY92ylaq394oas+DiOzTk1fz1n88S15M3GUHsiBWWfvVY2u5BVdXlSr4onKRY
JJwW70Dxl7uSL2fnagrwyVPy3GSmm7AhGZD64akPCPjLIs99hG/TD3vQ86hvV6Db
36+B7sR9aGQRPg1J/yLYCKxF0Xgxc14GJ7gDz78kwgMd/NL7GaEfIaI1T/tE0KzW
peqVz/bi4elQn3w14c9ZoWC1a4ScNhn78nN2RNbN7Jdyes360DDbPNkH0F2ICMxG
fSQ0pzyyn8k7fwj2ap9cssp7+EQH79uPgpdUoq34qAdPqUzOwj7Ve6XcyqpIJOgu
+HvLo2YGm0rkGFjfv9/3oysx9EBT94kMqFfUHV3PF2DIYibVx0xjFkZ/1p922iH+
uojVLqNz/o7FDf17UzbJHi3m5FxGfQIkUxT6yglyYAtyzdKeiG8dX7GMzxWypUUr
/gmOREU4LcFQYfa4coeIguPIaOHfEsRa7a3WWFn2JOzSVBajjJMvttxtJHENgDX2
edFu7FQM/43yZacJtltxg6B4GIs30/Frhh8FiiLAi3x/3IcohH7sxeJWIWMGYx5k
yhNzv1+BDhCDyRztJTE8E26V0eoqX72m2MO5SM1QpFoM8IrFSmQ=
-----END CERTIFICATE-----","-----BEGIN CERTIFICATE-----
MIIIYjCCBkqgAwIBAgITMwC+IJJSXg3QSod7UQAAAL4gkjANBgkqhkiG9w0BAQwF
ADBZMQswCQYDVQQGEwJVUzEeMBwGA1UEChMVTWljcm9zb2Z0IENvcnBvcmF0aW9u
MSowKAYDVQQDEyFNaWNyb3NvZnQgQXp1cmUgVExTIElzc3VpbmcgQ0EgMDIwHhcN
MjMwNzI4MTgzNDQ0WhcNMjQwNjI3MjM1OTU5WjBmMQswCQYDVQQGEwJVUzELMAkG
A1UECBMCV0ExEDAOBgNVBAcTB1JlZG1vbmQxHjAcBgNVBAoTFU1pY3Jvc29mdCBD
b3Jwb3JhdGlvbjEYMBYGA1UEAwwPKi5taW5lY3JhZnQubmV0MIIBIjANBgkqhkiG
9w0BAQEFAAOCAQ8AMIIBCgKCAQEA3wUIGJ+WEDzcY+adGLJ/5U8vIO3/GrFKUL8K
TU5talEe8cU38Qz+RyM/CiCrfWhaCFS8cVAy8Nqea2EA7fSiywcyNZTb/1LoWCph
ass451oSJEDa4xGySF/Buf36UscReJ/df/RVP81cbAuo6ZWFFVUWhWapYonsPrtK
clucRI2zy7CgOO44Zei9VwVq+MSZJ/ZZYuSllPLNwIX6wTDUikp6G69YTLGIV+28
h7jeiY0KAnyGq/Dft/kgw9Xy5rDXBQsqBnyYIboqnvhvVgjkyOZoUSvxO4W2w8IY
h/P3sXj4nNYpWECGLRUTtyA+EClajE87QDMzZkqKddX8A+vWawIDAQABo4IEFDCC
BBAwggF+BgorBgEEAdZ5AgQCBIIBbgSCAWoBaAB2AO7N0GTV2xrOxVy3nbTNE6Iy
h0Z8vOzew1FIWUZxH7WbAAABiZ3RUlcAAAQDAEcwRQIhANhdhfVTahWTW2DTBaf6
iO79X9FOgXx/Ei8S07+wtpgyAiBWyqwTWfG5jqM460SMuyJxuaXHHCIOJ0Xuq/rk
dYOW0QB1AEiw42vapkc0D+VqAvqdMOscUgHLVt0sgdm7v6s52IRzAAABiZ3RUvoA
AAQDAEYwRAIgOELXgKg8yr43ub1YUYz38RDpW3xRHezz5drKFaBChnMCICQ/1Iz+
EhDB797mKCEi9dw+rJaOeVNfniJMx3qsjn/BAHcA2ra/az+1tiKfm8K7XGvocJFx
bLtRhIU0vaQ9MEjX+6sAAAGJndFThAAABAMASDBGAiEAo3V40DreXUt1IaiZIFRD
qbutSRAOwHxO6mUblZciJL8CIQCeaNg8v3eo0MmSEltzCT5Qbf3rDqw8Wz40DcVh
YS1x/DAnBgkrBgEEAYI3FQoEGjAYMAoGCCsGAQUFBwMCMAoGCCsGAQUFBwMBMDwG
CSsGAQQBgjcVBwQvMC0GJSsGAQQBgjcVCIe91xuB5+tGgoGdLo7QDIfw2h1dgoTl
aYLzpz4CAWQCASYwga4GCCsGAQUFBwEBBIGhMIGeMG0GCCsGAQUFBzAChmFodHRw
Oi8vd3d3Lm1pY3Jvc29mdC5jb20vcGtpb3BzL2NlcnRzL01pY3Jvc29mdCUyMEF6
dXJlJTIwVExTJTIwSXNzdWluZyUyMENBJTIwMDIlMjAtJTIweHNpZ24uY3J0MC0G
CCsGAQUFBzABhiFodHRwOi8vb25lb2NzcC5taWNyb3NvZnQuY29tL29jc3AwHQYD
VR0OBBYEFJ6ucJtIRchdKYHDg+7n48/lPtsLMA4GA1UdDwEB/wQEAwIFoDApBgNV
HREEIjAggg1taW5lY3JhZnQubmV0gg8qLm1pbmVjcmFmdC5uZXQwDAYDVR0TAQH/
BAIwADBkBgNVHR8EXTBbMFmgV6BVhlNodHRwOi8vd3d3Lm1pY3Jvc29mdC5jb20v
cGtpb3BzL2NybC9NaWNyb3NvZnQlMjBBenVyZSUyMFRMUyUyMElzc3VpbmclMjBD
QSUyMDAyLmNybDBmBgNVHSAEXzBdMFEGDCsGAQQBgjdMg30BATBBMD8GCCsGAQUF
BwIBFjNodHRwOi8vd3d3Lm1pY3Jvc29mdC5jb20vcGtpb3BzL0RvY3MvUmVwb3Np
dG9yeS5odG0wCAYGZ4EMAQICMB8GA1UdIwQYMBaAFACrkfwhYiaXmqh5G2FBkGCp
Ymf9MB0GA1UdJQQWMBQGCCsGAQUFBwMCBggrBgEFBQcDATANBgkqhkiG9w0BAQwF
AAOCAgEAVH1Yyys6RTzc4pYMZKgNw689ksrB0B1C0GDTcxStpkywvoeDfUHFQmCJ
FYnJY92ylaq394oas+DiOzTk1fz1n88S15M3GUHsiBWWfvVY2u5BVdXlSr4onKRY
JJwW70Dxl7uSL2fnagrwyVPy3GSmm7AhGZD64akPCPjLIs99hG/TD3vQ86hvV6Db
36+B7sR9aGQRPg1J/yLYCKxF0Xgxc14GJ7gDz78kwgMd/NL7GaEfIaI1T/tE0KzW
peqVz/bi4elQn3w14c9ZoWC1a4ScNhn78nN2RNbN7Jdyes360DDbPNkH0F2ICMxG
fSQ0pzyyn8k7fwj2ap9cssp7+EQH79uPgpdUoq34qAdPqUzOwj7Ve6XcyqpIJOgu
+HvLo2YGm0rkGFjfv9/3oysx9EBT94kMqFfUHV3PF2DIYibVx0xjFkZ/1p922iH+
uojVLqNz/o7FDf17UzbJHi3m5FxGfQIkUxT6yglyYAtyzdKeiG8dX7GMzxWypUUr
/gmOREU4LcFQYfa4coeIguPIaOHfEsRa7a3WWFn2JOzSVBajjJMvttxtJHENgDX2
edFu7FQM/43yZacJtltxg6B4GIs30/Frhh8FiiLAi3x/3IcohH7sxeJWIWMGYx5k
yhNzv1+BDhCDyRztJTE8E26V0eoqX72m2MO5SM1QpFoM8IrFSmQ=
-----END CERTIFICATE-----
;-----BEGIN CERTIFICATE-----
MIIHejCCBWKgAwIBAgITMwAAAB7GdJ8FhRe00AAAAAAAHjANBgkqhkiG9w0BAQwF
ADBlMQswCQYDVQQGEwJVUzEeMBwGA1UEChMVTWljcm9zb2Z0IENvcnBvcmF0aW9u
MTYwNAYDVQQDEy1NaWNyb3NvZnQgUlNBIFJvb3QgQ2VydGlmaWNhdGUgQXV0aG9y
aXR5IDIwMTcwHhcNMjAwMTE3MjAyMjQ4WhcNMjQwNjI3MjAyMjQ4WjBZMQswCQYD
VQQGEwJVUzEeMBwGA1UEChMVTWljcm9zb2Z0IENvcnBvcmF0aW9uMSowKAYDVQQD
EyFNaWNyb3NvZnQgQXp1cmUgVExTIElzc3VpbmcgQ0EgMDIwggIiMA0GCSqGSIb3
DQEBAQUAA4ICDwAwggIKAoICAQDgYjtSuhZOHxyOrd5iZKYO5caHlIC/Lc/cLiNs
9FIGPLxa2t1QaO0M5wuCt7PY6ilhMiEGNdS3tNdPG0mGv0ytGoqDuoraRoooBBvr
x/4qrUFz0rug/NOK4tDRWdUjj/SM42LkIiugFp7Qqj+FgHGQD7aTazSzwSMoqpok
w0uHZRYNXbJDLlaU+M9DKYBDJsUJ60meteawUNub51WwTYoNOBQrIdVd0vL3uRs4
dPKCKy/4OcaveaEa4BHjgSHonoEKaCqy2MqN0dU7ePB5kiQgWEOdkHN+EYMUHWbC
1zFK1ri9SSwGT+snqOO8kksSgo4aufwFFr0AT9zf3D/4icyiisNt6if5JFaxNA0l
Q4iIl1hdHPWm0hoWJfUj5fOiB3CACM8HpSeEiqR61W4dP8OGB3RYuUG3QKezuSsX
8QWIUDnh8orNNc5KWJ+kqlBRr2yvHmfMvQHJbfDyFH7TBuquQYXZQWZAw1d5+9EZ
V8GL5Zc32f51feJfoWKfhi1u40pqcWSxv1xM+Dl7U7VsC1fiJCDnvxAxe/Sgms1t
klziL1SJz6ItT6jeE7nTb9BsgRebUQv2gY1KqZctWGH3isIEVbPN8+ZLojonJnRm
Sh/UqlOW5yrHuyJcn2S4OsgMWMkzXuwPWnCd/6RpgiJCf/XXy1BXOIWG92MiCGBp
qptv9wIDAQABo4ICLTCCAikwDgYDVR0PAQH/BAQDAgGGMBAGCSsGAQQBgjcVAQQD
AgEAMB0GA1UdDgQWBBQAq5H8IWIml5qoeRthQZBgqWJn/TBUBgNVHSAETTBLMEkG
BFUdIAAwQTA/BggrBgEFBQcCARYzaHR0cDovL3d3dy5taWNyb3NvZnQuY29tL3Br
aW9wcy9Eb2NzL1JlcG9zaXRvcnkuaHRtMB0GA1UdJQQWMBQGCCsGAQUFBwMBBggr
BgEFBQcDAjAZBgkrBgEEAYI3FAIEDB4KAFMAdQBiAEMAQTASBgNVHRMBAf8ECDAG
AQH/AgEAMB8GA1UdIwQYMBaAFAnLWX+GsnCPGsM548DZ6b+7TbIjMHAGA1UdHwRp
MGcwZaBjoGGGX2h0dHA6Ly93d3cubWljcm9zb2Z0LmNvbS9wa2lvcHMvY3JsL01p
Y3Jvc29mdCUyMFJTQSUyMFJvb3QlMjBDZXJ0aWZpY2F0ZSUyMEF1dGhvcml0eSUy
MDIwMTcuY3JsMIGuBggrBgEFBQcBAQSBoTCBnjBtBggrBgEFBQcwAoZhaHR0cDov
L3d3dy5taWNyb3NvZnQuY29tL3BraW9wcy9jZXJ0cy9NaWNyb3NvZnQlMjBSU0El
MjBSb290JTIwQ2VydGlmaWNhdGUlMjBBdXRob3JpdHklMjAyMDE3LmNydDAtBggr
BgEFBQcwAYYhaHR0cDovL29uZW9jc3AubWljcm9zb2Z0LmNvbS9vY3NwMA0GCSqG
SIb3DQEBDAUAA4ICAQCfj3iFPoZGiD5Auq1xC3Df2mioOtvocf216fQ5O00JZ/5M
WGa0FbWxX1iw0ydJwUhUPGATJGTbRhldiRCQvdVRd/AEKGwNbSq4ZctxdL3Vyqoi
a/ayfiC5h+2TSsVWYLeofp7YLHGON5BJSHm3+xCtxNfwI+yju7/pe15mkW79FHE2
uTMj2Nd9KiJw9VyoyIcTz8jf7l8/ugZYcSuwLoRaF+UeV8gF9laiJnR7ZkYOdGAA
Go33eFC+IcsIKEDpNTqOGDjh0tgc+tHSY+WS2yacm8ZIeFdaGldgOausvnSn++YO
n4QaWenbSpxfTopM/RdhsUjabhIp+lT56I2pwPJZlmk2NP05NLBkaCeeYe8gSzrD
f7+RiHPQwyrDzvjWIVqzY+isgvj8zNV352UFYVpweeyLXj0gnrh9d2WO6UU7NglZ
KaD/CWdYUyAIa0hAS3zn8aWuwuY5vOWX+amGqz40jhruDVnNKnlKfrkZJRYeLJ9P
P96nam0gd2LRm7HrgGFMlyeDa6/F4Gb2qxPDELS1gjnNPac05VUMz1FxalvuQKjy
CrLNjhyk+Fidz9h+YOYYNksCjUEg2sT9mfLzDAA3FJd+wgYPpZXKyzuM+uwSG3gr
yzv+GGXrYDwL9iWADwOjZhYRyvKZHoSb9PGPpqLQGhA7xzyb+dkh2kvvrAbffQ==
-----END CERTIFICATE-----
;-----BEGIN CERTIFICATE-----
MIIFqDCCA5CgAwIBAgIQHtOXCV/YtLNHcB6qvn9FszANBgkqhkiG9w0BAQwFADBl
MQswCQYDVQQGEwJVUzEeMBwGA1UEChMVTWljcm9zb2Z0IENvcnBvcmF0aW9uMTYw
NAYDVQQDEy1NaWNyb3NvZnQgUlNBIFJvb3QgQ2VydGlmaWNhdGUgQXV0aG9yaXR5
IDIwMTcwHhcNMTkxMjE4MjI1MTIyWhcNNDIwNzE4MjMwMDIzWjBlMQswCQYDVQQG
EwJVUzEeMBwGA1UEChMVTWljcm9zb2Z0IENvcnBvcmF0aW9uMTYwNAYDVQQDEy1N
aWNyb3NvZnQgUlNBIFJvb3QgQ2VydGlmaWNhdGUgQXV0aG9yaXR5IDIwMTcwggIi
MA0GCSqGSIb3DQEBAQUAA4ICDwAwggIKAoICAQDKW76UM4wplZEWCpW9R2LBifOZ
Nt9GkMml7Xhqb0eRaPgnZ1AzHaGm++DlQ6OEAlcBXZxIQIJTELy/xztokLaCLeX0
ZdDMbRnMlfl7rEqUrQ7eS0MdhweSE5CAg2Q1OQT85elss7YfUJQ4ZVBcF0a5toW1
HLUX6NZFndiyJrDKxHBKrmCk3bPZ7Pw71VdyvD/IybLeS2v4I2wDwAW9lcfNcztm
gGTjGqwu+UcF8ga2m3P1eDNbx6H7JyqhtJqRjJHTOoI+dkC0zVJhUXAoP8XFWvLJ
jEm7FFtNyP9nTUwSlq31/niol4fX/V4ggNyhSyL71Imtus5Hl0dVe49FyGcohJUc
aDDv70ngNXtk55iwlNpNhTs+VcQor1fznhPbRiefHqJeRIOkpcrVE7NLP8TjwuaG
YaRSMLl6IE9vDzhTyzMMEyuP1pq9KsgtsRx9S1HKR9FIJ3Jdh+vVReZIZZ2vUpC6
W6IYZVcSn2i51BVrlMRpIpj0M+Dt+VGOQVDJNE92kKz8OMHY4Xu54+OU4UZpyw4K
UGsTuqwPN1q3ErWQgR5WrlcihtnJ0tHXUeOrO8ZV/R4O03QK0dqq6mm4lyiPSMQH
+FJDOvTKVTUssKZqwJz58oHhEmrARdlns87/I6KJClTUFLkqqNfs+avNJVgyeY+Q
W5g5xAgGwax/Dj0ApQIDAQABo1QwUjAOBgNVHQ8BAf8EBAMCAYYwDwYDVR0TAQH/
BAUwAwEB/zAdBgNVHQ4EFgQUCctZf4aycI8awznjwNnpv7tNsiMwEAYJKwYBBAGC
NxUBBAMCAQAwDQYJKoZIhvcNAQEMBQADggIBAKyvPl3CEZaJjqPnktaXFbgToqZC
LgLNFgVZJ8og6Lq46BrsTaiXVq5lQ7GPAJtSzVXNUzltYkyLDVt8LkS/gxCP81OC
gMNPOsduET/m4xaRhPtthH80dK2Jp86519efhGSSvpWhrQlTM93uCupKUY5vVau6
tZRGrox/2KJQJWVggEbbMwSubLWYdFQl3JPk+ONVFT24bcMKpBLBaYVu32TxU5nh
SnUgnZUP5NbcA/FZGOhHibJXWpS2qdgXKxdJ5XbLwVaZOjex/2kskZGT4d9Mozd2
TaGf+G0eHdP67Pv0RR0Tbc/3WeUiJ3IrhvNXuzDtJE3cfVa7o7P4NHmJweDyAmH3
pvwPuxwXC65B2Xy9J6P9LjrRk5Sxcx0ki69bIImtt2dmefU6xqaWM/5TkshGsRGR
xpl/j8nWZjEgQRCHLQzWwa80mMpkg/sTV9HB8Dx6jKXB/ZUhoHHBk2dxEuqPiApp
GWSZI1b7rCoucL5mxAyE7+WL85MB+GqQk2dLsmijtWKP6T+MejteD+eMuMZ87zf9
dOLITzNy4ZQ5bb0Sr74MTnB8G2+NszKTc0QWbej09+CVgI+WXTik9KveCjCHk9hN
AHFiRSdLOkKEW39lt2c0Ui2cFmuqqNh7o0JMcccMyj6D5KbvtwEwXlGjefVwaaZB
RA+GsCyRxj3qrg+E
-----END CERTIFICATE-----"
"-----BEGIN CERTIFICATE-----
MIIFtzCCA5+gAwIBAgIURPNUJrTJslM7KgF+qTkQUi7yyFswDQYJKoZIhvcNAQEL
BQAwXzELMAkGA1UEBhMCREUxFTATBgNVBAoMDEV4YW1wbGUgR21iSDEcMBoGA1UE
CwwTRXhhbXBsZSBHbWJIIEFsdC5DQTEbMBkGA1UEAwwSYWx0LmNhLmV4YW1wbGUu
Y29tMB4XDTIzMDgxMzA5MjYwMVoXDTI0MDgxMjA5MjYwMVowXTELMAkGA1UEBhMC
REUxFTATBgNVBAoMDEV4YW1wbGUgR21iSDEbMBkGA1UECwwSRXhhbXBsZSBHbWJI
IFN0b3JlMRowGAYDVQQDDBFzdG9yZS5leGFtcGxlLmNvbTCCAiIwDQYJKoZIhvcN
AQEBBQADggIPADCCAgoCggIBAKSMvxWkjzq0H+2a1+Ex/GDNByzKncHg7N7auFEQ
k6wbudSX/SqrGNPbGcVTRSJCL6VQQ49eKjW4WiCJ3pDsIID1Ccnwsbba5U+EEKAJ
CF7T0zp8f3pQLR1z1sYAb27WChOBClhtwElSN8GnUtbcXfE/Bxf8ocJBJfaaz0SC
9UwJOQV8f8Zx+J2kVz/DGgNeAKjjymK29V+82wXjjBNLoiOvIn8Gxdt2pJnUMMYB
v+RmYsq/fHURV9sjoHrZDcQjLNstx/5+2kwW0y4ELiHhefuFCWaqg3REugRrhsRM
eoMobNK1LwL4B5pKzDwg1Q9QO7msN/apRsRGKar5DEQce3YJv+drux9W2E2zzSH+
Kt8LFKgkMHXfpn9b/T65xnyTzAtyaGf6fAjd7njsCcbbDJ3LpqvzSgOKxoQTgo/u
o7RsVteBvJNCVQ48e2LwoZ4wlfSfKvJYFQLPFJL9xvKOwHgN5lRbox5pdlVTswbB
CrSdcNkw0zpahsgdJ6Yp4ztIqp6cfLcQR1IoNCiJeH3rWIGbR3lia6RI4m3gqzmw
ZarrM82K8K/WQeid4fuyJEddvvOjeprC6GZ/xhSATkRx6AslHPoywkBKjkn7NJpv
7Q2kKHcXbXaYGw7qnovbPiI0oET3liiR1Tb7TC9nYiAh5lKT5TLg+43QVq+swBKe
1hwhAgMBAAGjbTBrMCkGA1UdEQQiMCCCC2V4YW1wbGUuY29tghFzdG9yZS5leGFt
cGxlLmNvbTAdBgNVHQ4EFgQUa7bcxNwmclrvVafJq7zRzIK64YgwHwYDVR0jBBgw
FoAUGHkAfJVD9nIStRChZLc7vX0yBg0wDQYJKoZIhvcNAQELBQADggIBAJL+BCW3
+mpR3e4y7SzrvnNyuArubkKjS7aPuCy4w9wiUw01jStq/w2IcQUv46XkOriz6HcP
ehAQ+g+FrIlA5z7Op0Koipg5R223RZPwGsNHytCBSYRxclYDPT55yDo4a5WXXwVt
3xTC8CLow2vcoGNaKQn8G+crLpoJSSWW6sl4G6/Jf9noK0ntrW1dMmmDjRJm6eYf
UOx3x8JJX8T/Ug73dV7/wQuVfkDunD/0ofh/B9sP7zkchwgxVx6GH6EE82lvz31L
903FH6EBfmJzsukIbexLdmvxky3DtGWm50a6vVBmA2TjLo4AtDUhKVNr2Fg28SPq
TjZy9zQE6A4f4qe4jPRgsouFDKllB6c+eM1h+hRYbsJ5pA7cnCkeVlzykCUPEjxe
06Ekm8NBTAqxqFqWDSafFvttIKLtUxLYZTyskK3RZ9QD3q45xG0kiqXIesqRFp+c
N8rGNkVvU6+pQeg8zJ2LDSqZIQVXJaJst9XGmngTsHyavLOpfKAmWUTqT+wDIV4k
FnbbcuaD6GInLY0ez87j6Rp3/QdxG1m587NytA/Q5Ub8hSeXlOcg9+/kjwCb1Mqd
sBLJGRTJDxV+WMqGKHOevVzqQvQP3174JTZetNCk9dv15gpxSG9YDfJ/UXm5Vpkb
tfuF7aKSnoheM4lVCw1qv11vYfxyXWyXHbEi
-----END CERTIFICATE-----","-----BEGIN CERTIFICATE-----
MIIFtzCCA5+gAwIBAgIURPNUJrTJslM7KgF+qTkQUi7yyFswDQYJKoZIhvcNAQEL
BQAwXzELMAkGA1UEBhMCREUxFTATBgNVBAoMDEV4YW1wbGUgR21iSDEcMBoGA1UE
CwwTRXhhbXBsZSBHbWJIIEFsdC5DQTEbMBkGA1UEAwwSYWx0LmNhLmV4YW1wbGUu
Y29tMB4XDTIzMDgxMzA5MjYwMVoXDTI0MDgxMjA5MjYwMVowXTELMAkGA1UEBhMC
REUxFTATBgNVBAoMDEV4YW1wbGUgR21iSDEbMBkGA1UECwwSRXhhbXBsZSBHbWJI
IFN0b3JlMRowGAYDVQQDDBFzdG9yZS5leGFtcGxlLmNvbTCCAiIwDQYJKoZIhvcN
AQEBBQADggIPADCCAgoCggIBAKSMvxWkjzq0H+2a1+Ex/GDNByzKncHg7N7auFEQ
k6wbudSX/SqrGNPbGcVTRSJCL6VQQ49eKjW4WiCJ3pDsIID1Ccnwsbba5U+EEKAJ
CF7T0zp8f3pQLR1z1sYAb27WChOBClhtwElSN8GnUtbcXfE/Bxf8ocJBJfaaz0SC
9UwJOQV8f8Zx+J2kVz/DGgNeAKjjymK29V+82wXjjBNLoiOvIn8Gxdt2pJnUMMYB
v+RmYsq/fHURV9sjoHrZDcQjLNstx/5+2kwW0y4ELiHhefuFCWaqg3REugRrhsRM
eoMobNK1LwL4B5pKzDwg1Q9QO7msN/apRsRGKar5DEQce3YJv+drux9W2E2zzSH+
Kt8LFKgkMHXfpn9b/T65xnyTzAtyaGf6fAjd7njsCcbbDJ3LpqvzSgOKxoQTgo/u
o7RsVteBvJNCVQ48e2LwoZ4wlfSfKvJYFQLPFJL9xvKOwHgN5lRbox5pdlVTswbB
CrSdcNkw0zpahsgdJ6Yp4ztIqp6cfLcQR1IoNCiJeH3rWIGbR3lia6RI4m3gqzmw
ZarrM82K8K/WQeid4fuyJEddvvOjeprC6GZ/xhSATkRx6AslHPoywkBKjkn7NJpv
7Q2kKHcXbXaYGw7qnovbPiI0oET3liiR1Tb7TC9nYiAh5lKT5TLg+43QVq+swBKe
1hwhAgMBAAGjbTBrMCkGA1UdEQQiMCCCC2V4YW1wbGUuY29tghFzdG9yZS5leGFt
cGxlLmNvbTAdBgNVHQ4EFgQUa7bcxNwmclrvVafJq7zRzIK64YgwHwYDVR0jBBgw
FoAUGHkAfJVD9nIStRChZLc7vX0yBg0wDQYJKoZIhvcNAQELBQADggIBAJL+BCW3
+mpR3e4y7SzrvnNyuArubkKjS7aPuCy4w9wiUw01jStq/w2IcQUv46XkOriz6HcP
ehAQ+g+FrIlA5z7Op0Koipg5R223RZPwGsNHytCBSYRxclYDPT55yDo4a5WXXwVt
3xTC8CLow2vcoGNaKQn8G+crLpoJSSWW6sl4G6/Jf9noK0ntrW1dMmmDjRJm6eYf
UOx3x8JJX8T/Ug73dV7/wQuVfkDunD/0ofh/B9sP7zkchwgxVx6GH6EE82lvz31L
903FH6EBfmJzsukIbexLdmvxky3DtGWm50a6vVBmA2TjLo4AtDUhKVNr2Fg28SPq
TjZy9zQE6A4f4qe4jPRgsouFDKllB6c+eM1h+hRYbsJ5pA7cnCkeVlzykCUPEjxe
06Ekm8NBTAqxqFqWDSafFvttIKLtUxLYZTyskK3RZ9QD3q45xG0kiqXIesqRFp+c
N8rGNkVvU6+pQeg8zJ2LDSqZIQVXJaJst9XGmngTsHyavLOpfKAmWUTqT+wDIV4k
FnbbcuaD6GInLY0ez87j6Rp3/QdxG1m587NytA/Q5Ub8hSeXlOcg9+/kjwCb1Mqd
sBLJGRTJDxV+WMqGKHOevVzqQvQP3174JTZetNCk9dv15gpxSG9YDfJ/UXm5Vpkb
tfuF7aKSnoheM4lVCw1qv11vYfxyXWyXHbEi
-----END CERTIFICATE-----
;-----BEGIN CERTIFICATE-----
MIIFnzCCA4egAwIBAgIUAor0oVA+hKZkOIt+vw0mcBGnJUAwDQYJKoZIhvcNAQEL
BQAwXzELMAkGA1UEBhMCREUxFTATBgNVBAoMDEV4YW1wbGUgR21iSDEcMBoGA1UE
CwwTRXhhbXBsZSBHbWJIIEFsdC5DQTEbMBkGA1UEAwwSYWx0LmNhLmV4YW1wbGUu
Y29tMB4XDTIzMDgxMjE4MDk1MloXDTI0MDgxMTE4MDk1MlowXzELMAkGA1UEBhMC
REUxFTATBgNVBAoMDEV4YW1wbGUgR21iSDEcMBoGA1UECwwTRXhhbXBsZSBHbWJI
IEFsdC5DQTEbMBkGA1UEAwwSYWx0LmNhLmV4YW1wbGUuY29tMIICIjANBgkqhkiG
9w0BAQEFAAOCAg8AMIICCgKCAgEAojubMIkGQO08+7gSQJXezitHG/HWm0EZVmbF
AGXYrmJLTLErp4ML6+t/km+DTPOcAm1+5Cft0Z81pBGXQLajcd8gseNNf1gIiCdh
9ocHLgQxSm4O3rcaqokkL2MoYuVe3ZLVWoXS1EVxwrZoiHq6cwgKqfPUILzn6O6k
LgXazBRtfLMOQgKHTmrXlPx8VoZnQL1h8foEizD0P/j2j/D/PvfqtMCptiGAOtX0
O0Gy1l1v0u2VhT0x3QlBUDkhqUYFDJaK/u/46xMJS92o3i8TkgYuyBWzlxgApnNa
1mIlZefE+oWZhnDMrJJtTUETN4Y3YsRvJSyY5d3hqaZTqOVebA9AO7I5fAM+H1Qa
gBAAb38vx/rYYHCAxfj4d4in5pLJfvxQj4gAgy3gmjw+ypnEkzUt4BhNGlnL07Va
E4FHsQxfHrXU27UsrNLxk0YKS76Qw8hiAH0ddWsz2jf0OtrNdlKmyTE+uwbmth4l
2E/2irW/Ba9EQFMQOjQ0cK7DUePXedtWtlsDHe26ZzVXdyKbA1LzV+PWJ2tu6PHb
gL3sZBbzSJ/M7x8U6wD0DoOExQHLF7ZhY4lDfpoTvWZAG5rczvLUjRXjSpdRlDer
+dzdjGAbjrRkVDPFaXN1MWBto5d2+WRLnvqE9Xop0SyGoVznNnOkEb2TDPfV24CV
nBSGYi8CAwEAAaNTMFEwHQYDVR0OBBYEFBh5AHyVQ/ZyErUQoWS3O719MgYNMB8G
A1UdIwQYMBaAFBh5AHyVQ/ZyErUQoWS3O719MgYNMA8GA1UdEwEB/wQFMAMBAf8w
DQYJKoZIhvcNAQELBQADggIBAH2ipU7NM524isRqrV8MMmTu+GgJVhW7UF2XN+Ne
GLVDWysbAhojyv4dlG4bDnVlajvZxlDsLto7KtckL8WroPddbat0Y4+ueOh26nbX
WxQ8vOnBjPNTDTL7IJiPNZDXWX7hG9679bAtb1wklVcxS8Qi5+P4SPShUTCebL8/
kL231HiG65oHH4P503XWFLSrIkfJR0TodJza+TuavB+KCJNYwl1eCcyeZMCwUUHm
73/WR+LJ5e6zcGxuhhPTe78fXaf5px09bL9IkO5gZUYVZ8B9OjTLWm29UNgBq/tC
AP5WBPX0vskTEg2iUKYVfLtqII8734cgFKOh01qtOWnYDxyOAXg3kfpC6nQW5MNy
vvPJL5os7HgYPLTvyzs2ShXY20361EP2Oy7xF4CImWCZv6KACko1uUmG7Iq9q8LW
FL7uFV2SWX/PxL/QGCARy49hKLvZs2lA1JQztRKxnGZNqbijhiX26o/TIWNuxOWW
hGlcTl+VYJtPvXwLy3Zvs0l3cV4v7JBvJqnrJYndmNdw9uhoPntwIqVB2OGki7o9
26LoXoiYtgUdyjRb1z6s6sY0qYkAQkgFHOAD4No4R8pvWOkus12vqpN/AbR567m/
piHS8J0Adanld29aQXisJyeGgXh7I9Dz+XfQxWY1uEcikzBc8xtOlM75OPB4hSWT
8AVW
-----END CERTIFICATE-----"
"-----BEGIN CERTIFICATE-----
MIIIejCCBmKgAwIBAgITMwBkeb/jBxPCYUnKOAAAAGR5vzANBgkqhkiG9w0BAQwF
ADBZMQswCQYDVQQGEwJVUzEeMBwGA1UEChMVTWljcm9zb2Z0IENvcnBvcmF0aW9u
MSowKAYDVQQDEyFNaWNyb3NvZnQgQXp1cmUgVExTIElzc3VpbmcgQ0EgMDUwHhcN
MjIxMDI4MjI0NDUyWhcNMjMxMDIzMjI0NDUyWjBqMQswCQYDVQQGEwJVUzELMAkG
A1UECBMCV0ExEDAOBgNVBAcTB1JlZG1vbmQxHjAcBgNVBAoTFU1pY3Jvc29mdCBD
b3Jwb3JhdGlvbjEcMBoGA1UEAxMTYXp1cmUubWljcm9zb2Z0LmNvbTCCASIwDQYJ
KoZIhvcNAQEBBQADggEPADCCAQoCggEBALxe+p72C1hhhDSauYGYnq0pPM5Y3+Tl
ah2mHIdiGbcQyfz+oKncMghD3Pp331CgjHHzeio9nZYdZGYRm+4+pyIH+lVicLYi
Wueyn7s5a0I/ztU3K5/+J58vGajzoCEWroHUNXeZN54vZtL+v+ig0NGxto3+iglb
dFnMFadBdxV/wZngw49roy7hDyTKdI/wuQdc65WEpC2TImGF/9/JuDNuuHV1tHbp
YKAKdh+mF7mYXhRgJISdTCZFrNsIq5Y8b0PTuci7nWud1N6rCi15Vg/5aM2I16cu
g3MKlcgUefAm1v3Ej69UhzK3YS4bT58EdAoHkQvQ09oLyzo46dNW8XECAwEAAaOC
BCgwggQkMIIBfwYKKwYBBAHWeQIEAgSCAW8EggFrAWkAdgCt9776fP8QyIudPZwe
PhhqtGcpXc+xDCTKhYY069yCigAAAYQgzjOUAAAEAwBHMEUCIELckRe6g+Gnbl/1
cUP0h+n4cLRT6VUaip4MZJnyh9aBAiEAn22hPVUYEQDEvd+2IoqXY4Bov/tsXLve
i6emWpg8O+QAdwCzc3cH4YRQ+GOG1gWp3BEJSnktsWcMC4fc8AMOeTalmgAAAYQg
zjQVAAAEAwBIMEYCIQDzYbNuDXmkQjL3hw8hPp5Wncpre0hmdB//orAi/agDtwIh
ANmonbCYs46aAe97qa13aWEOSwnBi7ceeJ8nsxu67g8UAHYA6D7Q2j71BjUy51co
vIlryQPTy9ERa+zraeF3fW0GvW4AAAGEIM4zxAAABAMARzBFAiEAglycSV7wFDw5
Va7z2X2qy+/nLqYTlVLOmeFarbot7IUCICChsdsV5IZUuSjdn+izL2TS1+i5evPT
uJb9JkIoAvGPMCcGCSsGAQQBgjcVCgQaMBgwCgYIKwYBBQUHAwIwCgYIKwYBBQUH
AwEwPAYJKwYBBAGCNxUHBC8wLQYlKwYBBAGCNxUIh73XG4Hn60aCgZ0ujtAMh/Da
HV2ChOVpgvOnPgIBZAIBJTCBrgYIKwYBBQUHAQEEgaEwgZ4wbQYIKwYBBQUHMAKG
YWh0dHA6Ly93d3cubWljcm9zb2Z0LmNvbS9wa2lvcHMvY2VydHMvTWljcm9zb2Z0
JTIwQXp1cmUlMjBUTFMlMjBJc3N1aW5nJTIwQ0ElMjAwNSUyMC0lMjB4c2lnbi5j
cnQwLQYIKwYBBQUHMAGGIWh0dHA6Ly9vbmVvY3NwLm1pY3Jvc29mdC5jb20vb2Nz
cDAdBgNVHQ4EFgQUuB0jwclMCV9N6+/JOxnUMAPl/aEwDgYDVR0PAQH/BAQDAgSw
MDwGA1UdEQQ1MDOCHGRpYWx0b25lLmF6dXJlLm1pY3Jvc29mdC5jb22CE2F6dXJl
Lm1pY3Jvc29mdC5jb20wDAYDVR0TAQH/BAIwADBkBgNVHR8EXTBbMFmgV6BVhlNo
dHRwOi8vd3d3Lm1pY3Jvc29mdC5jb20vcGtpb3BzL2NybC9NaWNyb3NvZnQlMjBB
enVyZSUyMFRMUyUyMElzc3VpbmclMjBDQSUyMDA1LmNybDBmBgNVHSAEXzBdMFEG
DCsGAQQBgjdMg30BATBBMD8GCCsGAQUFBwIBFjNodHRwOi8vd3d3Lm1pY3Jvc29m
dC5jb20vcGtpb3BzL0RvY3MvUmVwb3NpdG9yeS5odG0wCAYGZ4EMAQICMB8GA1Ud
IwQYMBaAFMeynH8c47ha7+loGqhdlMEmUmpoMB0GA1UdJQQWMBQGCCsGAQUFBwMC
BggrBgEFBQcDATANBgkqhkiG9w0BAQwFAAOCAgEARIhJk4OC01cNeAV0PMbU+WFI
DpXx0fAhoO+PI++JqDQDsVIy9cn/Ve7wpR4Zq/Vnv6qBKktP5MWyqGj5qGgDsaFT
EjgkHtO+QFclXS8iLSL5fs48lljm+QA9vJ5n247+kUlXNHBKsIQeB8iHjy2J1TAi
uwL5WBKel5YgAnFKGYU4PcA4vKYp9dEV5WH7Ko/CrRR78jnLGTTnXHlFW5qV5gPD
vWvn+ID0ziAiz3H4kTmyA3IZAA5wurP7kkhfn5n8T0RqYva/cv0vYAC73toVqU0m
DU/PjVW5l02Et9/3A+QDTtGRpm0DAei6nJSULwDyZeEuqK2oXMc5WtH2/88zBKcI
QYBpc/aTuFshdQ0gUbAWn3jcG2ZmsygdTG5fg9XYhU1yXWEC9t3Z0rgkjYBGqb9T
/PsvjCFpjfb+Z3WKe39kmj0R5KYcWicL1tngwW64RU8D5blaMFquanyrwifPacRc
TYByZSOJouuwiJFa1xa7vG6+gqGdYZoKDLQBXLxD1Hf+BaiPPLAjsuBeszbsrqxh
A2+i+vBp/Q3OfHHdErimCpSshkzZXHfEyV+lkHbaW2jqCBSZnkSTAwQyifd5pw6T
0HmsgO77mpGJRMpYFgMdd2bJCCSLidXb3hpQPs7bzwnCjdl/dUk5SF2hLt4xbPKV
PvAYi9GjVsX45/sc1ng=
-----END CERTIFICATE-----","-----BEGIN CERTIFICATE-----
MIIHejCCBWKgAwIBAgITMwAAAB+fH6IEO8KNuQAAAAAAHzANBgkqhkiG9w0BAQwF
ADBlMQswCQYDVQQGEwJVUzEeMBwGA1UEChMVTWljcm9zb2Z0IENvcnBvcmF0aW9u
MTYwNAYDVQQDEy1NaWNyb3NvZnQgUlNBIFJvb3QgQ2VydGlmaWNhdGUgQXV0aG9y
aXR5IDIwMTcwHhcNMjAwMTE3MjAyMjQ5WhcNMjQwNjI3MjAyMjQ5WjBZMQswCQYD
VQQGEwJVUzEeMBwGA1UEChMVTWljcm9zb2Z0IENvcnBvcmF0aW9uMSowKAYDVQQD
EyFNaWNyb3NvZnQgQXp1cmUgVExTIElzc3VpbmcgQ0EgMDUwggIiMA0GCSqGSIb3
DQEBAQUAA4ICDwAwggIKAoICAQCqZQ05kPWn8FT0HpQ7rvjZMTSdPOAjSp62dtQA
XsBPlFOBig58MoGXSumoDUjLOVKHIVBA88/QqXVebXT8y9eDvxnhNoDuf2lBU1DB
vXOp3ssZObatVnSrD5IrT8LOlfDFmuXdS/8uERYWR1LIMcVMkpWJRqTXB4YbMq+x
LxXnGRgNTH7IrQFlaeoYlgDZFiiDX0XHbd2dgNt4ZjB/TEUhgXHB4j7s8K1bEpi8
L7d1pUQ4DmyZBONLRWLyehlwEImhhwiFklTm4Dt84+sZHWxBTJif869lnreShHFA
7VAYQOHVFKGj1c+vbuOleelbHMt5V7tWJbJPOI+ZVDy3bAMbbpbT+Dj0KDk6Z2PJ
MVpB+pIDuYEyhNx0b6FSI1OMSdCUO+Os8v/BnUAN+kmjYs+FN7tdMxWYNkZL9nS9
S7+fBFy9Nq+auQf54VR/zNY6E76Ub2nhKQCYZCAPTZKb2xhKUnXANDq7Tjnhra7I
jsjAWJI6QeZ8NHCWNUBzq95yLydjp2PjiiWw0q4RalrJPP9aumdVjbzjc+7XtaQL
R3q3T4uaQh3olwjab/n2ncD9JPHM2n9lbNfZ2LIFp+biMi0C/BHoXQcwmziicvbJ
fOkuBanuBxsgLZqhpWljrKtgOjv6WjItwUplkw24DywjwWz7Xv27LgBBeGo5DxBE
txhz/QIDAQABo4ICLTCCAikwDgYDVR0PAQH/BAQDAgGGMBAGCSsGAQQBgjcVAQQD
AgEAMB0GA1UdDgQWBBTHspx/HOO4Wu/paBqoXZTBJlJqaDBUBgNVHSAETTBLMEkG
BFUdIAAwQTA/BggrBgEFBQcCARYzaHR0cDovL3d3dy5taWNyb3NvZnQuY29tL3Br
aW9wcy9Eb2NzL1JlcG9zaXRvcnkuaHRtMB0GA1UdJQQWMBQGCCsGAQUFBwMBBggr
BgEFBQcDAjAZBgkrBgEEAYI3FAIEDB4KAFMAdQBiAEMAQTASBgNVHRMBAf8ECDAG
AQH/AgEAMB8GA1UdIwQYMBaAFAnLWX+GsnCPGsM548DZ6b+7TbIjMHAGA1UdHwRp
MGcwZaBjoGGGX2h0dHA6Ly93d3cubWljcm9zb2Z0LmNvbS9wa2lvcHMvY3JsL01p
Y3Jvc29mdCUyMFJTQSUyMFJvb3QlMjBDZXJ0aWZpY2F0ZSUyMEF1dGhvcml0eSUy
MDIwMTcuY3JsMIGuBggrBgEFBQcBAQSBoTCBnjBtBggrBgEFBQcwAoZhaHR0cDov
L3d3dy5taWNyb3NvZnQuY29tL3BraW9wcy9jZXJ0cy9NaWNyb3NvZnQlMjBSU0El
MjBSb290JTIwQ2VydGlmaWNhdGUlMjBBdXRob3JpdHklMjAyMDE3LmNydDAtBggr
BgEFBQcwAYYhaHR0cDovL29uZW9jc3AubWljcm9zb2Z0LmNvbS9vY3NwMA0GCSqG
SIb3DQEBDAUAA4ICAQBZqkx59V4h1EAsX29gViSKdoxrX5oLaP9OqLM0hbqEtLbj
XzGic1t+/Y+jixuBeyD8bCRgpUHhOLVXJJvij4XP9TdgkHK9HYwz5YBfJ8CAJc2d
zHEwETn7/nFzeD3woKtGl1h6JiZRQh+nwhH2/PfZgSxzA59NwwyRk1PlWEWs0l1I
TKc+o1jU2O0cVe53MwcnKlBFS4Sv6t/Krj0cZwLysCiEsXKaOVPVItjITYA5TyTt
aTgKJhs6Zb2EWWRpNU5ZIY66cRrGM8/BoGSzxOKMipL4oEXQUIgWSlrXu06YvvHw
NtBiwbXXgayKAbezaY90PzvKnjKHzETDAteLSOKrm5tHJkj16SlOG2EAg0X5K1yL
JJF61rjQegb/aTB+Zt2wvuhIPrTzOfNTKlYvmpV8AZxA2Z0D3XUaSFsgth+90Ypa
CGGOdwEELpKGCc8+F78kiK+f6eRdN0P6P+hUNKIvwzu8ie+tjru2BvyKtcJRUqF/
XH/P+gdzSfhD9mpr7D3xJ3RRRp0UxP7/O/T4u5deruP21te4sLvyUpbRAiNqSTXy
JjBiGc/boV4KV4Cgx0udAUHBrAvJS6ntDn3LV2hx/vevJtCwYhKBGg1exlV06DRj
Hir2ijnZdRipvViKzAxgFZIAjl4tOu/HezpaJ3wZjqz/0OclPqiD9OA04T6RhA==
-----END CERTIFICATE-----
;-----BEGIN CERTIFICATE-----
MIIFqDCCA5CgAwIBAgIQHtOXCV/YtLNHcB6qvn9FszANBgkqhkiG9w0BAQwFADBl
MQswCQYDVQQGEwJVUzEeMBwGA1UEChMVTWljcm9zb2Z0IENvcnBvcmF0aW9uMTYw
NAYDVQQDEy1NaWNyb3NvZnQgUlNBIFJvb3QgQ2VydGlmaWNhdGUgQXV0aG9yaXR5
IDIwMTcwHhcNMTkxMjE4MjI1MTIyWhcNNDIwNzE4MjMwMDIzWjBlMQswCQYDVQQG
EwJVUzEeMBwGA1UEChMVTWljcm9zb2Z0IENvcnBvcmF0aW9uMTYwNAYDVQQDEy1N
aWNyb3NvZnQgUlNBIFJvb3QgQ2VydGlmaWNhdGUgQXV0aG9yaXR5IDIwMTcwggIi
MA0GCSqGSIb3DQEBAQUAA4ICDwAwggIKAoICAQDKW76UM4wplZEWCpW9R2LBifOZ
Nt9GkMml7Xhqb0eRaPgnZ1AzHaGm++DlQ6OEAlcBXZxIQIJTELy/xztokLaCLeX0
ZdDMbRnMlfl7rEqUrQ7eS0MdhweSE5CAg2Q1OQT85elss7YfUJQ4ZVBcF0a5toW1
HLUX6NZFndiyJrDKxHBKrmCk3bPZ7Pw71VdyvD/IybLeS2v4I2wDwAW9lcfNcztm
gGTjGqwu+UcF8ga2m3P1eDNbx6H7JyqhtJqRjJHTOoI+dkC0zVJhUXAoP8XFWvLJ
jEm7FFtNyP9nTUwSlq31/niol4fX/V4ggNyhSyL71Imtus5Hl0dVe49FyGcohJUc
aDDv70ngNXtk55iwlNpNhTs+VcQor1fznhPbRiefHqJeRIOkpcrVE7NLP8TjwuaG
YaRSMLl6IE9vDzhTyzMMEyuP1pq9KsgtsRx9S1HKR9FIJ3Jdh+vVReZIZZ2vUpC6
W6IYZVcSn2i51BVrlMRpIpj0M+Dt+VGOQVDJNE92kKz8OMHY4Xu54+OU4UZpyw4K
UGsTuqwPN1q3ErWQgR5WrlcihtnJ0tHXUeOrO8ZV/R4O03QK0dqq6mm4lyiPSMQH
+FJDOvTKVTUssKZqwJz58oHhEmrARdlns87/I6KJClTUFLkqqNfs+avNJVgyeY+Q
W5g5xAgGwax/Dj0ApQIDAQABo1QwUjAOBgNVHQ8BAf8EBAMCAYYwDwYDVR0TAQH/
BAUwAwEB/zAdBgNVHQ4EFgQUCctZf4aycI8awznjwNnpv7tNsiMwEAYJKwYBBAGC
NxUBBAMCAQAwDQYJKoZIhvcNAQEMBQADggIBAKyvPl3CEZaJjqPnktaXFbgToqZC
LgLNFgVZJ8og6Lq46BrsTaiXVq5lQ7GPAJtSzVXNUzltYkyLDVt8LkS/gxCP81OC
gMNPOsduET/m4xaRhPtthH80dK2Jp86519efhGSSvpWhrQlTM93uCupKUY5vVau6
tZRGrox/2KJQJWVggEbbMwSubLWYdFQl3JPk+ONVFT24bcMKpBLBaYVu32TxU5nh
SnUgnZUP5NbcA/FZGOhHibJXWpS2qdgXKxdJ5XbLwVaZOjex/2kskZGT4d9Mozd2
TaGf+G0eHdP67Pv0RR0Tbc/3WeUiJ3IrhvNXuzDtJE3cfVa7o7P4NHmJweDyAmH3
pvwPuxwXC65B2Xy9J6P9LjrRk5Sxcx0ki69bIImtt2dmefU6xqaWM/5TkshGsRGR
xpl/j8nWZjEgQRCHLQzWwa80mMpkg/sTV9HB8Dx6jKXB/ZUhoHHBk2dxEuqPiApp
GWSZI1b7rCoucL5mxAyE7+WL85MB+GqQk2dLsmijtWKP6T+MejteD+eMuMZ87zf9
dOLITzNy4ZQ5bb0Sr74MTnB8G2+NszKTc0QWbej09+CVgI+WXTik9KveCjCHk9hN
AHFiRSdLOkKEW39lt2c0Ui2cFmuqqNh7o0JMcccMyj6D5KbvtwEwXlGjefVwaaZB
RA+GsCyRxj3qrg+E
-----END CERTIFICATE-----"